subject	stream	number	mean_amp	baseline	mean_times	p3_group
1	single	1	-0.06834161478708527	(None, 0)	(0.3, 0.7)	['CP1', 'P1', 'POz', 'Pz', 'CPz', 'CP2', 'P2']
1	single	2	0.005221281692694125	(None, 0)	(0.3, 0.7)	['CP1', 'P1', 'POz', 'Pz', 'CPz', 'CP2', 'P2']
1	single	3	-0.1858640970208348	(None, 0)	(0.3, 0.7)	['CP1', 'P1', 'POz', 'Pz', 'CPz', 'CP2', 'P2']
1	single	4	-0.4121502789958732	(None, 0)	(0.3, 0.7)	['CP1', 'P1', 'POz', 'Pz', 'CPz', 'CP2', 'P2']
1	single	5	-0.25254231263295934	(None, 0)	(0.3, 0.7)	['CP1', 'P1', 'POz', 'Pz', 'CPz', 'CP2', 'P2']
1	single	6	0.21483045255479374	(None, 0)	(0.3, 0.7)	['CP1', 'P1', 'POz', 'Pz', 'CPz', 'CP2', 'P2']
1	single	7	-0.2149005562310214	(None, 0)	(0.3, 0.7)	['CP1', 'P1', 'POz', 'Pz', 'CPz', 'CP2', 'P2']
1	single	8	0.3406331416423199	(None, 0)	(0.3, 0.7)	['CP1', 'P1', 'POz', 'Pz', 'CPz', 'CP2', 'P2']
1	single	9	0.5591006558408824	(None, 0)	(0.3, 0.7)	['CP1', 'P1', 'POz', 'Pz', 'CPz', 'CP2', 'P2']
2	single	1	-0.304291696611711	(None, 0)	(0.3, 0.7)	['CP1', 'P1', 'POz', 'Pz', 'CPz', 'CP2', 'P2']
2	single	2	-0.27694848231284697	(None, 0)	(0.3, 0.7)	['CP1', 'P1', 'POz', 'Pz', 'CPz', 'CP2', 'P2']
2	single	3	-0.2074886446257696	(None, 0)	(0.3, 0.7)	['CP1', 'P1', 'POz', 'Pz', 'CPz', 'CP2', 'P2']
2	single	4	-0.4611165541013183	(None, 0)	(0.3, 0.7)	['CP1', 'P1', 'POz', 'Pz', 'CPz', 'CP2', 'P2']
2	single	5	-0.3623348687555405	(None, 0)	(0.3, 0.7)	['CP1', 'P1', 'POz', 'Pz', 'CPz', 'CP2', 'P2']
2	single	6	-0.012073340814867047	(None, 0)	(0.3, 0.7)	['CP1', 'P1', 'POz', 'Pz', 'CPz', 'CP2', 'P2']
2	single	7	0.22504677410167492	(None, 0)	(0.3, 0.7)	['CP1', 'P1', 'POz', 'Pz', 'CPz', 'CP2', 'P2']
2	single	8	0.7357912904217097	(None, 0)	(0.3, 0.7)	['CP1', 'P1', 'POz', 'Pz', 'CPz', 'CP2', 'P2']
2	single	9	0.6503386068478669	(None, 0)	(0.3, 0.7)	['CP1', 'P1', 'POz', 'Pz', 'CPz', 'CP2', 'P2']
3	single	1	0.6861003131243785	(None, 0)	(0.3, 0.7)	['CP1', 'P1', 'POz', 'Pz', 'CPz', 'CP2', 'P2']
3	single	2	-0.3899844447251639	(None, 0)	(0.3, 0.7)	['CP1', 'P1', 'POz', 'Pz', 'CPz', 'CP2', 'P2']
3	single	3	-0.4448747762691797	(None, 0)	(0.3, 0.7)	['CP1', 'P1', 'POz', 'Pz', 'CPz', 'CP2', 'P2']
3	single	4	-0.21659238997772284	(None, 0)	(0.3, 0.7)	['CP1', 'P1', 'POz', 'Pz', 'CPz', 'CP2', 'P2']
3	single	5	-0.45609326416488266	(None, 0)	(0.3, 0.7)	['CP1', 'P1', 'POz', 'Pz', 'CPz', 'CP2', 'P2']
3	single	6	-0.022747556413615606	(None, 0)	(0.3, 0.7)	['CP1', 'P1', 'POz', 'Pz', 'CPz', 'CP2', 'P2']
3	single	7	0.2133032868199645	(None, 0)	(0.3, 0.7)	['CP1', 'P1', 'POz', 'Pz', 'CPz', 'CP2', 'P2']
3	single	8	-0.13477779395761907	(None, 0)	(0.3, 0.7)	['CP1', 'P1', 'POz', 'Pz', 'CPz', 'CP2', 'P2']
3	single	9	0.747084356866074	(None, 0)	(0.3, 0.7)	['CP1', 'P1', 'POz', 'Pz', 'CPz', 'CP2', 'P2']
4	single	1	1.2652918385586167	(None, 0)	(0.3, 0.7)	['CP1', 'P1', 'POz', 'Pz', 'CPz', 'CP2', 'P2']
4	single	2	-0.7023349619701524	(None, 0)	(0.3, 0.7)	['CP1', 'P1', 'POz', 'Pz', 'CPz', 'CP2', 'P2']
4	single	3	-0.16543240482293137	(None, 0)	(0.3, 0.7)	['CP1', 'P1', 'POz', 'Pz', 'CPz', 'CP2', 'P2']
4	single	4	-0.34857611376156955	(None, 0)	(0.3, 0.7)	['CP1', 'P1', 'POz', 'Pz', 'CPz', 'CP2', 'P2']
4	single	5	-0.36457265700336977	(None, 0)	(0.3, 0.7)	['CP1', 'P1', 'POz', 'Pz', 'CPz', 'CP2', 'P2']
4	single	6	-0.002610191111599304	(None, 0)	(0.3, 0.7)	['CP1', 'P1', 'POz', 'Pz', 'CPz', 'CP2', 'P2']
4	single	7	0.17140478692277847	(None, 0)	(0.3, 0.7)	['CP1', 'P1', 'POz', 'Pz', 'CPz', 'CP2', 'P2']
4	single	8	0.17702767001053307	(None, 0)	(0.3, 0.7)	['CP1', 'P1', 'POz', 'Pz', 'CPz', 'CP2', 'P2']
4	single	9	-0.07819194297288434	(None, 0)	(0.3, 0.7)	['CP1', 'P1', 'POz', 'Pz', 'CPz', 'CP2', 'P2']
5	single	1	0.16026784750797954	(None, 0)	(0.3, 0.7)	['CP1', 'P1', 'POz', 'Pz', 'CPz', 'CP2', 'P2']
5	single	2	0.014309098870652853	(None, 0)	(0.3, 0.7)	['CP1', 'P1', 'POz', 'Pz', 'CPz', 'CP2', 'P2']
5	single	3	-0.19613871445925168	(None, 0)	(0.3, 0.7)	['CP1', 'P1', 'POz', 'Pz', 'CPz', 'CP2', 'P2']
5	single	4	0.0690181365314774	(None, 0)	(0.3, 0.7)	['CP1', 'P1', 'POz', 'Pz', 'CPz', 'CP2', 'P2']
5	single	5	-0.09980771262921186	(None, 0)	(0.3, 0.7)	['CP1', 'P1', 'POz', 'Pz', 'CPz', 'CP2', 'P2']
5	single	6	0.1973985951599059	(None, 0)	(0.3, 0.7)	['CP1', 'P1', 'POz', 'Pz', 'CPz', 'CP2', 'P2']
5	single	7	-0.2360922681331634	(None, 0)	(0.3, 0.7)	['CP1', 'P1', 'POz', 'Pz', 'CPz', 'CP2', 'P2']
5	single	8	0.017983911718058746	(None, 0)	(0.3, 0.7)	['CP1', 'P1', 'POz', 'Pz', 'CPz', 'CP2', 'P2']
5	single	9	0.07176749674361023	(None, 0)	(0.3, 0.7)	['CP1', 'P1', 'POz', 'Pz', 'CPz', 'CP2', 'P2']
6	single	1	0.14659416796366367	(None, 0)	(0.3, 0.7)	['CP1', 'P1', 'POz', 'Pz', 'CPz', 'CP2', 'P2']
6	single	2	-0.009875426434593668	(None, 0)	(0.3, 0.7)	['CP1', 'P1', 'POz', 'Pz', 'CPz', 'CP2', 'P2']
6	single	3	-0.19735169646396208	(None, 0)	(0.3, 0.7)	['CP1', 'P1', 'POz', 'Pz', 'CPz', 'CP2', 'P2']
6	single	4	-0.29869805284065665	(None, 0)	(0.3, 0.7)	['CP1', 'P1', 'POz', 'Pz', 'CPz', 'CP2', 'P2']
6	single	5	-0.2619767282778716	(None, 0)	(0.3, 0.7)	['CP1', 'P1', 'POz', 'Pz', 'CPz', 'CP2', 'P2']
6	single	6	0.03483126275508473	(None, 0)	(0.3, 0.7)	['CP1', 'P1', 'POz', 'Pz', 'CPz', 'CP2', 'P2']
6	single	7	0.21574623875315357	(None, 0)	(0.3, 0.7)	['CP1', 'P1', 'POz', 'Pz', 'CPz', 'CP2', 'P2']
6	single	8	-0.1005115687907153	(None, 0)	(0.3, 0.7)	['CP1', 'P1', 'POz', 'Pz', 'CPz', 'CP2', 'P2']
6	single	9	0.4714226512314137	(None, 0)	(0.3, 0.7)	['CP1', 'P1', 'POz', 'Pz', 'CPz', 'CP2', 'P2']
7	single	1	-0.2006854862048305	(None, 0)	(0.3, 0.7)	['CP1', 'P1', 'POz', 'Pz', 'CPz', 'CP2', 'P2']
7	single	2	-1.0465491626193397	(None, 0)	(0.3, 0.7)	['CP1', 'P1', 'POz', 'Pz', 'CPz', 'CP2', 'P2']
7	single	3	-0.316811839832024	(None, 0)	(0.3, 0.7)	['CP1', 'P1', 'POz', 'Pz', 'CPz', 'CP2', 'P2']
7	single	4	-0.3656942491807351	(None, 0)	(0.3, 0.7)	['CP1', 'P1', 'POz', 'Pz', 'CPz', 'CP2', 'P2']
7	single	5	-0.23343244750739914	(None, 0)	(0.3, 0.7)	['CP1', 'P1', 'POz', 'Pz', 'CPz', 'CP2', 'P2']
7	single	6	-0.041475358573955734	(None, 0)	(0.3, 0.7)	['CP1', 'P1', 'POz', 'Pz', 'CPz', 'CP2', 'P2']
7	single	7	0.3841299476786604	(None, 0)	(0.3, 0.7)	['CP1', 'P1', 'POz', 'Pz', 'CPz', 'CP2', 'P2']
7	single	8	0.8687305139726018	(None, 0)	(0.3, 0.7)	['CP1', 'P1', 'POz', 'Pz', 'CPz', 'CP2', 'P2']
7	single	9	1.0643508709439147	(None, 0)	(0.3, 0.7)	['CP1', 'P1', 'POz', 'Pz', 'CPz', 'CP2', 'P2']
8	single	1	0.7256957737930374	(None, 0)	(0.3, 0.7)	['CP1', 'P1', 'POz', 'Pz', 'CPz', 'CP2', 'P2']
8	single	2	0.2490889868369101	(None, 0)	(0.3, 0.7)	['CP1', 'P1', 'POz', 'Pz', 'CPz', 'CP2', 'P2']
8	single	3	0.1457688220649637	(None, 0)	(0.3, 0.7)	['CP1', 'P1', 'POz', 'Pz', 'CPz', 'CP2', 'P2']
8	single	4	-0.4982341039331677	(None, 0)	(0.3, 0.7)	['CP1', 'P1', 'POz', 'Pz', 'CPz', 'CP2', 'P2']
8	single	5	-0.5184543141302351	(None, 0)	(0.3, 0.7)	['CP1', 'P1', 'POz', 'Pz', 'CPz', 'CP2', 'P2']
8	single	6	-0.4762523612704022	(None, 0)	(0.3, 0.7)	['CP1', 'P1', 'POz', 'Pz', 'CPz', 'CP2', 'P2']
8	single	7	-0.22974872564552026	(None, 0)	(0.3, 0.7)	['CP1', 'P1', 'POz', 'Pz', 'CPz', 'CP2', 'P2']
8	single	8	0.23133137081171853	(None, 0)	(0.3, 0.7)	['CP1', 'P1', 'POz', 'Pz', 'CPz', 'CP2', 'P2']
8	single	9	0.5536126621519765	(None, 0)	(0.3, 0.7)	['CP1', 'P1', 'POz', 'Pz', 'CPz', 'CP2', 'P2']
9	single	1	0.3055788607907789	(None, 0)	(0.3, 0.7)	['CP1', 'P1', 'POz', 'Pz', 'CPz', 'CP2', 'P2']
9	single	2	0.38000639028845956	(None, 0)	(0.3, 0.7)	['CP1', 'P1', 'POz', 'Pz', 'CPz', 'CP2', 'P2']
9	single	3	-0.1967246536871765	(None, 0)	(0.3, 0.7)	['CP1', 'P1', 'POz', 'Pz', 'CPz', 'CP2', 'P2']
9	single	4	-0.21785998047828725	(None, 0)	(0.3, 0.7)	['CP1', 'P1', 'POz', 'Pz', 'CPz', 'CP2', 'P2']
9	single	5	-0.5608322410350061	(None, 0)	(0.3, 0.7)	['CP1', 'P1', 'POz', 'Pz', 'CPz', 'CP2', 'P2']
9	single	6	-0.35456454538831805	(None, 0)	(0.3, 0.7)	['CP1', 'P1', 'POz', 'Pz', 'CPz', 'CP2', 'P2']
9	single	7	0.44575920841460454	(None, 0)	(0.3, 0.7)	['CP1', 'P1', 'POz', 'Pz', 'CPz', 'CP2', 'P2']
9	single	8	0.19723607103922816	(None, 0)	(0.3, 0.7)	['CP1', 'P1', 'POz', 'Pz', 'CPz', 'CP2', 'P2']
9	single	9	0.03792163565531289	(None, 0)	(0.3, 0.7)	['CP1', 'P1', 'POz', 'Pz', 'CPz', 'CP2', 'P2']
10	single	1	0.3362052917320875	(None, 0)	(0.3, 0.7)	['CP1', 'P1', 'POz', 'Pz', 'CPz', 'CP2', 'P2']
10	single	2	0.13266830465883964	(None, 0)	(0.3, 0.7)	['CP1', 'P1', 'POz', 'Pz', 'CPz', 'CP2', 'P2']
10	single	3	-0.011995302347428958	(None, 0)	(0.3, 0.7)	['CP1', 'P1', 'POz', 'Pz', 'CPz', 'CP2', 'P2']
10	single	4	-0.6180195388070497	(None, 0)	(0.3, 0.7)	['CP1', 'P1', 'POz', 'Pz', 'CPz', 'CP2', 'P2']
10	single	5	-0.3104676694913609	(None, 0)	(0.3, 0.7)	['CP1', 'P1', 'POz', 'Pz', 'CPz', 'CP2', 'P2']
10	single	6	-0.06619475898376738	(None, 0)	(0.3, 0.7)	['CP1', 'P1', 'POz', 'Pz', 'CPz', 'CP2', 'P2']
10	single	7	-0.06425832954557148	(None, 0)	(0.3, 0.7)	['CP1', 'P1', 'POz', 'Pz', 'CPz', 'CP2', 'P2']
10	single	8	0.14760181171544584	(None, 0)	(0.3, 0.7)	['CP1', 'P1', 'POz', 'Pz', 'CPz', 'CP2', 'P2']
10	single	9	0.434304699563301	(None, 0)	(0.3, 0.7)	['CP1', 'P1', 'POz', 'Pz', 'CPz', 'CP2', 'P2']
11	single	1	-0.39383934661206865	(None, 0)	(0.3, 0.7)	['CP1', 'P1', 'POz', 'Pz', 'CPz', 'CP2', 'P2']
11	single	2	0.17274221627097827	(None, 0)	(0.3, 0.7)	['CP1', 'P1', 'POz', 'Pz', 'CPz', 'CP2', 'P2']
11	single	3	0.5906383728927378	(None, 0)	(0.3, 0.7)	['CP1', 'P1', 'POz', 'Pz', 'CPz', 'CP2', 'P2']
11	single	4	0.09183900868049587	(None, 0)	(0.3, 0.7)	['CP1', 'P1', 'POz', 'Pz', 'CPz', 'CP2', 'P2']
11	single	5	0.40311328884307784	(None, 0)	(0.3, 0.7)	['CP1', 'P1', 'POz', 'Pz', 'CPz', 'CP2', 'P2']
11	single	6	0.036537326496016216	(None, 0)	(0.3, 0.7)	['CP1', 'P1', 'POz', 'Pz', 'CPz', 'CP2', 'P2']
11	single	7	-0.22283770452515375	(None, 0)	(0.3, 0.7)	['CP1', 'P1', 'POz', 'Pz', 'CPz', 'CP2', 'P2']
11	single	8	-0.12826436878721265	(None, 0)	(0.3, 0.7)	['CP1', 'P1', 'POz', 'Pz', 'CPz', 'CP2', 'P2']
11	single	9	-0.5824012196902363	(None, 0)	(0.3, 0.7)	['CP1', 'P1', 'POz', 'Pz', 'CPz', 'CP2', 'P2']
12	single	1	0.2987026698752812	(None, 0)	(0.3, 0.7)	['CP1', 'P1', 'POz', 'Pz', 'CPz', 'CP2', 'P2']
12	single	2	0.0034014929811791625	(None, 0)	(0.3, 0.7)	['CP1', 'P1', 'POz', 'Pz', 'CPz', 'CP2', 'P2']
12	single	3	-0.14391948018625822	(None, 0)	(0.3, 0.7)	['CP1', 'P1', 'POz', 'Pz', 'CPz', 'CP2', 'P2']
12	single	4	-0.12937683915297926	(None, 0)	(0.3, 0.7)	['CP1', 'P1', 'POz', 'Pz', 'CPz', 'CP2', 'P2']
12	single	5	-0.19644005469509684	(None, 0)	(0.3, 0.7)	['CP1', 'P1', 'POz', 'Pz', 'CPz', 'CP2', 'P2']
12	single	6	-0.4216490611483139	(None, 0)	(0.3, 0.7)	['CP1', 'P1', 'POz', 'Pz', 'CPz', 'CP2', 'P2']
12	single	7	0.04677598355526508	(None, 0)	(0.3, 0.7)	['CP1', 'P1', 'POz', 'Pz', 'CPz', 'CP2', 'P2']
12	single	8	0.4048382254589194	(None, 0)	(0.3, 0.7)	['CP1', 'P1', 'POz', 'Pz', 'CPz', 'CP2', 'P2']
12	single	9	0.06636110898706417	(None, 0)	(0.3, 0.7)	['CP1', 'P1', 'POz', 'Pz', 'CPz', 'CP2', 'P2']
13	single	1	-1.0834100101859059	(None, 0)	(0.3, 0.7)	['CP1', 'P1', 'POz', 'Pz', 'CPz', 'CP2', 'P2']
13	single	2	-0.9012665862395728	(None, 0)	(0.3, 0.7)	['CP1', 'P1', 'POz', 'Pz', 'CPz', 'CP2', 'P2']
13	single	3	-0.44585451383301655	(None, 0)	(0.3, 0.7)	['CP1', 'P1', 'POz', 'Pz', 'CPz', 'CP2', 'P2']
13	single	4	-0.24202623766978978	(None, 0)	(0.3, 0.7)	['CP1', 'P1', 'POz', 'Pz', 'CPz', 'CP2', 'P2']
13	single	5	-0.37171591839356727	(None, 0)	(0.3, 0.7)	['CP1', 'P1', 'POz', 'Pz', 'CPz', 'CP2', 'P2']
13	single	6	0.2697324330805576	(None, 0)	(0.3, 0.7)	['CP1', 'P1', 'POz', 'Pz', 'CPz', 'CP2', 'P2']
13	single	7	0.3952052677835578	(None, 0)	(0.3, 0.7)	['CP1', 'P1', 'POz', 'Pz', 'CPz', 'CP2', 'P2']
13	single	8	0.5933365789366906	(None, 0)	(0.3, 0.7)	['CP1', 'P1', 'POz', 'Pz', 'CPz', 'CP2', 'P2']
13	single	9	1.8650164868901833	(None, 0)	(0.3, 0.7)	['CP1', 'P1', 'POz', 'Pz', 'CPz', 'CP2', 'P2']
14	single	1	-0.21287318929003127	(None, 0)	(0.3, 0.7)	['CP1', 'P1', 'POz', 'Pz', 'CPz', 'CP2', 'P2']
14	single	2	-0.27204915439106475	(None, 0)	(0.3, 0.7)	['CP1', 'P1', 'POz', 'Pz', 'CPz', 'CP2', 'P2']
14	single	3	0.24483767205506832	(None, 0)	(0.3, 0.7)	['CP1', 'P1', 'POz', 'Pz', 'CPz', 'CP2', 'P2']
14	single	4	0.04458620757052584	(None, 0)	(0.3, 0.7)	['CP1', 'P1', 'POz', 'Pz', 'CPz', 'CP2', 'P2']
14	single	5	-0.12085609504449209	(None, 0)	(0.3, 0.7)	['CP1', 'P1', 'POz', 'Pz', 'CPz', 'CP2', 'P2']
14	single	6	0.3108043898384163	(None, 0)	(0.3, 0.7)	['CP1', 'P1', 'POz', 'Pz', 'CPz', 'CP2', 'P2']
14	single	7	-0.29047315020234543	(None, 0)	(0.3, 0.7)	['CP1', 'P1', 'POz', 'Pz', 'CPz', 'CP2', 'P2']
14	single	8	0.2542282250918707	(None, 0)	(0.3, 0.7)	['CP1', 'P1', 'POz', 'Pz', 'CPz', 'CP2', 'P2']
14	single	9	0.060081465568588274	(None, 0)	(0.3, 0.7)	['CP1', 'P1', 'POz', 'Pz', 'CPz', 'CP2', 'P2']
16	single	1	0.5877611749044345	(None, 0)	(0.3, 0.7)	['CP1', 'P1', 'POz', 'Pz', 'CPz', 'CP2', 'P2']
16	single	2	0.1441793523274241	(None, 0)	(0.3, 0.7)	['CP1', 'P1', 'POz', 'Pz', 'CPz', 'CP2', 'P2']
16	single	3	-0.2743938349139261	(None, 0)	(0.3, 0.7)	['CP1', 'P1', 'POz', 'Pz', 'CPz', 'CP2', 'P2']
16	single	4	0.353541724365208	(None, 0)	(0.3, 0.7)	['CP1', 'P1', 'POz', 'Pz', 'CPz', 'CP2', 'P2']
16	single	5	-0.4615249215955232	(None, 0)	(0.3, 0.7)	['CP1', 'P1', 'POz', 'Pz', 'CPz', 'CP2', 'P2']
16	single	6	-0.08911794951319381	(None, 0)	(0.3, 0.7)	['CP1', 'P1', 'POz', 'Pz', 'CPz', 'CP2', 'P2']
16	single	7	0.22742444678320808	(None, 0)	(0.3, 0.7)	['CP1', 'P1', 'POz', 'Pz', 'CPz', 'CP2', 'P2']
16	single	8	-0.24705804806518392	(None, 0)	(0.3, 0.7)	['CP1', 'P1', 'POz', 'Pz', 'CPz', 'CP2', 'P2']
16	single	9	-0.18164138418525053	(None, 0)	(0.3, 0.7)	['CP1', 'P1', 'POz', 'Pz', 'CPz', 'CP2', 'P2']
17	single	1	0.5055207291839262	(None, 0)	(0.3, 0.7)	['CP1', 'P1', 'POz', 'Pz', 'CPz', 'CP2', 'P2']
17	single	2	-0.2204894577386576	(None, 0)	(0.3, 0.7)	['CP1', 'P1', 'POz', 'Pz', 'CPz', 'CP2', 'P2']
17	single	3	-0.021820785912296043	(None, 0)	(0.3, 0.7)	['CP1', 'P1', 'POz', 'Pz', 'CPz', 'CP2', 'P2']
17	single	4	-0.08174321560647423	(None, 0)	(0.3, 0.7)	['CP1', 'P1', 'POz', 'Pz', 'CPz', 'CP2', 'P2']
17	single	5	-0.4385099065748026	(None, 0)	(0.3, 0.7)	['CP1', 'P1', 'POz', 'Pz', 'CPz', 'CP2', 'P2']
17	single	6	-0.13925223775304066	(None, 0)	(0.3, 0.7)	['CP1', 'P1', 'POz', 'Pz', 'CPz', 'CP2', 'P2']
17	single	7	0.1417115270455987	(None, 0)	(0.3, 0.7)	['CP1', 'P1', 'POz', 'Pz', 'CPz', 'CP2', 'P2']
17	single	8	0.10852287336003319	(None, 0)	(0.3, 0.7)	['CP1', 'P1', 'POz', 'Pz', 'CPz', 'CP2', 'P2']
17	single	9	0.11562175249491671	(None, 0)	(0.3, 0.7)	['CP1', 'P1', 'POz', 'Pz', 'CPz', 'CP2', 'P2']
18	single	1	0.47280800517714267	(None, 0)	(0.3, 0.7)	['CP1', 'P1', 'POz', 'Pz', 'CPz', 'CP2', 'P2']
18	single	2	-0.28389320951836244	(None, 0)	(0.3, 0.7)	['CP1', 'P1', 'POz', 'Pz', 'CPz', 'CP2', 'P2']
18	single	3	0.22228618198148326	(None, 0)	(0.3, 0.7)	['CP1', 'P1', 'POz', 'Pz', 'CPz', 'CP2', 'P2']
18	single	4	-0.4536090569724952	(None, 0)	(0.3, 0.7)	['CP1', 'P1', 'POz', 'Pz', 'CPz', 'CP2', 'P2']
18	single	5	-0.3648542827674467	(None, 0)	(0.3, 0.7)	['CP1', 'P1', 'POz', 'Pz', 'CPz', 'CP2', 'P2']
18	single	6	0.12273253959690525	(None, 0)	(0.3, 0.7)	['CP1', 'P1', 'POz', 'Pz', 'CPz', 'CP2', 'P2']
18	single	7	-0.04856037510457738	(None, 0)	(0.3, 0.7)	['CP1', 'P1', 'POz', 'Pz', 'CPz', 'CP2', 'P2']
18	single	8	0.12895440922926732	(None, 0)	(0.3, 0.7)	['CP1', 'P1', 'POz', 'Pz', 'CPz', 'CP2', 'P2']
18	single	9	0.19501916865454358	(None, 0)	(0.3, 0.7)	['CP1', 'P1', 'POz', 'Pz', 'CPz', 'CP2', 'P2']
19	single	1	-0.872051756355642	(None, 0)	(0.3, 0.7)	['CP1', 'P1', 'POz', 'Pz', 'CPz', 'CP2', 'P2']
19	single	2	-0.10026164060649813	(None, 0)	(0.3, 0.7)	['CP1', 'P1', 'POz', 'Pz', 'CPz', 'CP2', 'P2']
19	single	3	-0.052360039392743446	(None, 0)	(0.3, 0.7)	['CP1', 'P1', 'POz', 'Pz', 'CPz', 'CP2', 'P2']
19	single	4	-0.6685935584090361	(None, 0)	(0.3, 0.7)	['CP1', 'P1', 'POz', 'Pz', 'CPz', 'CP2', 'P2']
19	single	5	0.14409260615611696	(None, 0)	(0.3, 0.7)	['CP1', 'P1', 'POz', 'Pz', 'CPz', 'CP2', 'P2']
19	single	6	0.07516501998590695	(None, 0)	(0.3, 0.7)	['CP1', 'P1', 'POz', 'Pz', 'CPz', 'CP2', 'P2']
19	single	7	0.2616736538973873	(None, 0)	(0.3, 0.7)	['CP1', 'P1', 'POz', 'Pz', 'CPz', 'CP2', 'P2']
19	single	8	0.24247360929577538	(None, 0)	(0.3, 0.7)	['CP1', 'P1', 'POz', 'Pz', 'CPz', 'CP2', 'P2']
19	single	9	0.8440050214192194	(None, 0)	(0.3, 0.7)	['CP1', 'P1', 'POz', 'Pz', 'CPz', 'CP2', 'P2']
20	single	1	-0.12887826708779515	(None, 0)	(0.3, 0.7)	['CP1', 'P1', 'POz', 'Pz', 'CPz', 'CP2', 'P2']
20	single	2	-0.15292024665854112	(None, 0)	(0.3, 0.7)	['CP1', 'P1', 'POz', 'Pz', 'CPz', 'CP2', 'P2']
20	single	3	0.4692200708445301	(None, 0)	(0.3, 0.7)	['CP1', 'P1', 'POz', 'Pz', 'CPz', 'CP2', 'P2']
20	single	4	-0.5850232640976398	(None, 0)	(0.3, 0.7)	['CP1', 'P1', 'POz', 'Pz', 'CPz', 'CP2', 'P2']
20	single	5	-0.2241329985715763	(None, 0)	(0.3, 0.7)	['CP1', 'P1', 'POz', 'Pz', 'CPz', 'CP2', 'P2']
20	single	6	0.036597319712585896	(None, 0)	(0.3, 0.7)	['CP1', 'P1', 'POz', 'Pz', 'CPz', 'CP2', 'P2']
20	single	7	-0.1543485224236728	(None, 0)	(0.3, 0.7)	['CP1', 'P1', 'POz', 'Pz', 'CPz', 'CP2', 'P2']
20	single	8	0.34589453900745243	(None, 0)	(0.3, 0.7)	['CP1', 'P1', 'POz', 'Pz', 'CPz', 'CP2', 'P2']
20	single	9	0.3599139128604852	(None, 0)	(0.3, 0.7)	['CP1', 'P1', 'POz', 'Pz', 'CPz', 'CP2', 'P2']
21	single	1	0.5475386156861503	(None, 0)	(0.3, 0.7)	['CP1', 'P1', 'POz', 'Pz', 'CPz', 'CP2', 'P2']
21	single	2	-0.24522686607747057	(None, 0)	(0.3, 0.7)	['CP1', 'P1', 'POz', 'Pz', 'CPz', 'CP2', 'P2']
21	single	3	-0.37195454271767775	(None, 0)	(0.3, 0.7)	['CP1', 'P1', 'POz', 'Pz', 'CPz', 'CP2', 'P2']
21	single	4	-0.5834260580227499	(None, 0)	(0.3, 0.7)	['CP1', 'P1', 'POz', 'Pz', 'CPz', 'CP2', 'P2']
21	single	5	-0.09257659595504585	(None, 0)	(0.3, 0.7)	['CP1', 'P1', 'POz', 'Pz', 'CPz', 'CP2', 'P2']
21	single	6	0.15880489403870637	(None, 0)	(0.3, 0.7)	['CP1', 'P1', 'POz', 'Pz', 'CPz', 'CP2', 'P2']
21	single	7	-0.03196751441261459	(None, 0)	(0.3, 0.7)	['CP1', 'P1', 'POz', 'Pz', 'CPz', 'CP2', 'P2']
21	single	8	0.125451372514375	(None, 0)	(0.3, 0.7)	['CP1', 'P1', 'POz', 'Pz', 'CPz', 'CP2', 'P2']
21	single	9	0.4538640147170538	(None, 0)	(0.3, 0.7)	['CP1', 'P1', 'POz', 'Pz', 'CPz', 'CP2', 'P2']
22	single	1	0.08276311780933311	(None, 0)	(0.3, 0.7)	['CP1', 'P1', 'POz', 'Pz', 'CPz', 'CP2', 'P2']
22	single	2	0.22733250293813181	(None, 0)	(0.3, 0.7)	['CP1', 'P1', 'POz', 'Pz', 'CPz', 'CP2', 'P2']
22	single	3	-0.2587785912329941	(None, 0)	(0.3, 0.7)	['CP1', 'P1', 'POz', 'Pz', 'CPz', 'CP2', 'P2']
22	single	4	-0.057266404803990964	(None, 0)	(0.3, 0.7)	['CP1', 'P1', 'POz', 'Pz', 'CPz', 'CP2', 'P2']
22	single	5	-0.3362190675299569	(None, 0)	(0.3, 0.7)	['CP1', 'P1', 'POz', 'Pz', 'CPz', 'CP2', 'P2']
22	single	6	-0.047102438519827344	(None, 0)	(0.3, 0.7)	['CP1', 'P1', 'POz', 'Pz', 'CPz', 'CP2', 'P2']
22	single	7	0.19210794195041683	(None, 0)	(0.3, 0.7)	['CP1', 'P1', 'POz', 'Pz', 'CPz', 'CP2', 'P2']
22	single	8	-0.4947706973758878	(None, 0)	(0.3, 0.7)	['CP1', 'P1', 'POz', 'Pz', 'CPz', 'CP2', 'P2']
22	single	9	0.6256014196623748	(None, 0)	(0.3, 0.7)	['CP1', 'P1', 'POz', 'Pz', 'CPz', 'CP2', 'P2']
24	single	1	-0.0006358130189611681	(None, 0)	(0.3, 0.7)	['CP1', 'P1', 'POz', 'Pz', 'CPz', 'CP2', 'P2']
24	single	2	-0.023254020903710624	(None, 0)	(0.3, 0.7)	['CP1', 'P1', 'POz', 'Pz', 'CPz', 'CP2', 'P2']
24	single	3	-0.03243987371082086	(None, 0)	(0.3, 0.7)	['CP1', 'P1', 'POz', 'Pz', 'CPz', 'CP2', 'P2']
24	single	4	0.057195214581378315	(None, 0)	(0.3, 0.7)	['CP1', 'P1', 'POz', 'Pz', 'CPz', 'CP2', 'P2']
24	single	5	-0.2516517274753732	(None, 0)	(0.3, 0.7)	['CP1', 'P1', 'POz', 'Pz', 'CPz', 'CP2', 'P2']
24	single	6	-0.10464103577121887	(None, 0)	(0.3, 0.7)	['CP1', 'P1', 'POz', 'Pz', 'CPz', 'CP2', 'P2']
24	single	7	0.25446702389348363	(None, 0)	(0.3, 0.7)	['CP1', 'P1', 'POz', 'Pz', 'CPz', 'CP2', 'P2']
24	single	8	0.023448322117150443	(None, 0)	(0.3, 0.7)	['CP1', 'P1', 'POz', 'Pz', 'CPz', 'CP2', 'P2']
24	single	9	0.08894266277998548	(None, 0)	(0.3, 0.7)	['CP1', 'P1', 'POz', 'Pz', 'CPz', 'CP2', 'P2']
25	single	1	0.35081571440821907	(None, 0)	(0.3, 0.7)	['CP1', 'P1', 'POz', 'Pz', 'CPz', 'CP2', 'P2']
25	single	2	-0.1810612374972529	(None, 0)	(0.3, 0.7)	['CP1', 'P1', 'POz', 'Pz', 'CPz', 'CP2', 'P2']
25	single	3	-0.000424398334654085	(None, 0)	(0.3, 0.7)	['CP1', 'P1', 'POz', 'Pz', 'CPz', 'CP2', 'P2']
25	single	4	-0.27116693095476463	(None, 0)	(0.3, 0.7)	['CP1', 'P1', 'POz', 'Pz', 'CPz', 'CP2', 'P2']
25	single	5	0.015737931289368772	(None, 0)	(0.3, 0.7)	['CP1', 'P1', 'POz', 'Pz', 'CPz', 'CP2', 'P2']
25	single	6	0.06599903668125447	(None, 0)	(0.3, 0.7)	['CP1', 'P1', 'POz', 'Pz', 'CPz', 'CP2', 'P2']
25	single	7	-0.03709837082768138	(None, 0)	(0.3, 0.7)	['CP1', 'P1', 'POz', 'Pz', 'CPz', 'CP2', 'P2']
25	single	8	-0.24416503672048864	(None, 0)	(0.3, 0.7)	['CP1', 'P1', 'POz', 'Pz', 'CPz', 'CP2', 'P2']
25	single	9	0.29677531430758863	(None, 0)	(0.3, 0.7)	['CP1', 'P1', 'POz', 'Pz', 'CPz', 'CP2', 'P2']
26	single	1	0.09817577450168102	(None, 0)	(0.3, 0.7)	['CP1', 'P1', 'POz', 'Pz', 'CPz', 'CP2', 'P2']
26	single	2	-0.14126795490224345	(None, 0)	(0.3, 0.7)	['CP1', 'P1', 'POz', 'Pz', 'CPz', 'CP2', 'P2']
26	single	3	0.10749661436582704	(None, 0)	(0.3, 0.7)	['CP1', 'P1', 'POz', 'Pz', 'CPz', 'CP2', 'P2']
26	single	4	-0.1332664790402329	(None, 0)	(0.3, 0.7)	['CP1', 'P1', 'POz', 'Pz', 'CPz', 'CP2', 'P2']
26	single	5	-0.43243767623459684	(None, 0)	(0.3, 0.7)	['CP1', 'P1', 'POz', 'Pz', 'CPz', 'CP2', 'P2']
26	single	6	-0.2851200054142734	(None, 0)	(0.3, 0.7)	['CP1', 'P1', 'POz', 'Pz', 'CPz', 'CP2', 'P2']
26	single	7	-0.008876226420144602	(None, 0)	(0.3, 0.7)	['CP1', 'P1', 'POz', 'Pz', 'CPz', 'CP2', 'P2']
26	single	8	0.2835942605116424	(None, 0)	(0.3, 0.7)	['CP1', 'P1', 'POz', 'Pz', 'CPz', 'CP2', 'P2']
26	single	9	0.49598796396929007	(None, 0)	(0.3, 0.7)	['CP1', 'P1', 'POz', 'Pz', 'CPz', 'CP2', 'P2']
27	single	1	-0.027498753246036085	(None, 0)	(0.3, 0.7)	['CP1', 'P1', 'POz', 'Pz', 'CPz', 'CP2', 'P2']
27	single	2	0.5689160595736433	(None, 0)	(0.3, 0.7)	['CP1', 'P1', 'POz', 'Pz', 'CPz', 'CP2', 'P2']
27	single	3	-0.16487750552234498	(None, 0)	(0.3, 0.7)	['CP1', 'P1', 'POz', 'Pz', 'CPz', 'CP2', 'P2']
27	single	4	-0.008635999061096626	(None, 0)	(0.3, 0.7)	['CP1', 'P1', 'POz', 'Pz', 'CPz', 'CP2', 'P2']
27	single	5	-0.2630593758076837	(None, 0)	(0.3, 0.7)	['CP1', 'P1', 'POz', 'Pz', 'CPz', 'CP2', 'P2']
27	single	6	-0.2419160691094783	(None, 0)	(0.3, 0.7)	['CP1', 'P1', 'POz', 'Pz', 'CPz', 'CP2', 'P2']
27	single	7	0.21644307570604698	(None, 0)	(0.3, 0.7)	['CP1', 'P1', 'POz', 'Pz', 'CPz', 'CP2', 'P2']
27	single	8	0.01738828475772935	(None, 0)	(0.3, 0.7)	['CP1', 'P1', 'POz', 'Pz', 'CPz', 'CP2', 'P2']
27	single	9	-0.07868090393713685	(None, 0)	(0.3, 0.7)	['CP1', 'P1', 'POz', 'Pz', 'CPz', 'CP2', 'P2']
28	single	1	0.17438553873794618	(None, 0)	(0.3, 0.7)	['CP1', 'P1', 'POz', 'Pz', 'CPz', 'CP2', 'P2']
28	single	2	0.2849215930708226	(None, 0)	(0.3, 0.7)	['CP1', 'P1', 'POz', 'Pz', 'CPz', 'CP2', 'P2']
28	single	3	0.05185812964038152	(None, 0)	(0.3, 0.7)	['CP1', 'P1', 'POz', 'Pz', 'CPz', 'CP2', 'P2']
28	single	4	-0.5074725682030825	(None, 0)	(0.3, 0.7)	['CP1', 'P1', 'POz', 'Pz', 'CPz', 'CP2', 'P2']
28	single	5	9.135007299252341e-05	(None, 0)	(0.3, 0.7)	['CP1', 'P1', 'POz', 'Pz', 'CPz', 'CP2', 'P2']
28	single	6	-0.11466404785694692	(None, 0)	(0.3, 0.7)	['CP1', 'P1', 'POz', 'Pz', 'CPz', 'CP2', 'P2']
28	single	7	0.11201444874241573	(None, 0)	(0.3, 0.7)	['CP1', 'P1', 'POz', 'Pz', 'CPz', 'CP2', 'P2']
28	single	8	-0.48268378222042413	(None, 0)	(0.3, 0.7)	['CP1', 'P1', 'POz', 'Pz', 'CPz', 'CP2', 'P2']
28	single	9	0.417332851529968	(None, 0)	(0.3, 0.7)	['CP1', 'P1', 'POz', 'Pz', 'CPz', 'CP2', 'P2']
29	single	1	0.5899934028830178	(None, 0)	(0.3, 0.7)	['CP1', 'P1', 'POz', 'Pz', 'CPz', 'CP2', 'P2']
29	single	2	-0.051129301037245146	(None, 0)	(0.3, 0.7)	['CP1', 'P1', 'POz', 'Pz', 'CPz', 'CP2', 'P2']
29	single	3	-0.09248372512561386	(None, 0)	(0.3, 0.7)	['CP1', 'P1', 'POz', 'Pz', 'CPz', 'CP2', 'P2']
29	single	4	-0.36977809428236746	(None, 0)	(0.3, 0.7)	['CP1', 'P1', 'POz', 'Pz', 'CPz', 'CP2', 'P2']
29	single	5	-0.5355329439047312	(None, 0)	(0.3, 0.7)	['CP1', 'P1', 'POz', 'Pz', 'CPz', 'CP2', 'P2']
29	single	6	-0.3464809716552109	(None, 0)	(0.3, 0.7)	['CP1', 'P1', 'POz', 'Pz', 'CPz', 'CP2', 'P2']
29	single	7	0.16121591188806775	(None, 0)	(0.3, 0.7)	['CP1', 'P1', 'POz', 'Pz', 'CPz', 'CP2', 'P2']
29	single	8	0.10740507441650116	(None, 0)	(0.3, 0.7)	['CP1', 'P1', 'POz', 'Pz', 'CPz', 'CP2', 'P2']
29	single	9	0.4961289026201662	(None, 0)	(0.3, 0.7)	['CP1', 'P1', 'POz', 'Pz', 'CPz', 'CP2', 'P2']
30	single	1	0.18135134424776103	(None, 0)	(0.3, 0.7)	['CP1', 'P1', 'POz', 'Pz', 'CPz', 'CP2', 'P2']
30	single	2	-0.1501550370194663	(None, 0)	(0.3, 0.7)	['CP1', 'P1', 'POz', 'Pz', 'CPz', 'CP2', 'P2']
30	single	3	-0.5266094999227945	(None, 0)	(0.3, 0.7)	['CP1', 'P1', 'POz', 'Pz', 'CPz', 'CP2', 'P2']
30	single	4	-0.5598913917927573	(None, 0)	(0.3, 0.7)	['CP1', 'P1', 'POz', 'Pz', 'CPz', 'CP2', 'P2']
30	single	5	0.33490326274456095	(None, 0)	(0.3, 0.7)	['CP1', 'P1', 'POz', 'Pz', 'CPz', 'CP2', 'P2']
30	single	6	0.1373058283370472	(None, 0)	(0.3, 0.7)	['CP1', 'P1', 'POz', 'Pz', 'CPz', 'CP2', 'P2']
30	single	7	0.03452236755886265	(None, 0)	(0.3, 0.7)	['CP1', 'P1', 'POz', 'Pz', 'CPz', 'CP2', 'P2']
30	single	8	0.03646557140745515	(None, 0)	(0.3, 0.7)	['CP1', 'P1', 'POz', 'Pz', 'CPz', 'CP2', 'P2']
30	single	9	0.558592511974401	(None, 0)	(0.3, 0.7)	['CP1', 'P1', 'POz', 'Pz', 'CPz', 'CP2', 'P2']
31	single	1	-0.5523036113432199	(None, 0)	(0.3, 0.7)	['CP1', 'P1', 'POz', 'Pz', 'CPz', 'CP2', 'P2']
31	single	2	0.37021459327231765	(None, 0)	(0.3, 0.7)	['CP1', 'P1', 'POz', 'Pz', 'CPz', 'CP2', 'P2']
31	single	3	0.1107336813426363	(None, 0)	(0.3, 0.7)	['CP1', 'P1', 'POz', 'Pz', 'CPz', 'CP2', 'P2']
31	single	4	-0.7603612765967455	(None, 0)	(0.3, 0.7)	['CP1', 'P1', 'POz', 'Pz', 'CPz', 'CP2', 'P2']
31	single	5	-0.3998597372208799	(None, 0)	(0.3, 0.7)	['CP1', 'P1', 'POz', 'Pz', 'CPz', 'CP2', 'P2']
31	single	6	-0.36397260132590814	(None, 0)	(0.3, 0.7)	['CP1', 'P1', 'POz', 'Pz', 'CPz', 'CP2', 'P2']
31	single	7	0.7637719998187569	(None, 0)	(0.3, 0.7)	['CP1', 'P1', 'POz', 'Pz', 'CPz', 'CP2', 'P2']
31	single	8	-0.14947339938149629	(None, 0)	(0.3, 0.7)	['CP1', 'P1', 'POz', 'Pz', 'CPz', 'CP2', 'P2']
31	single	9	1.082692415872641	(None, 0)	(0.3, 0.7)	['CP1', 'P1', 'POz', 'Pz', 'CPz', 'CP2', 'P2']
32	single	1	0.08870053155544216	(None, 0)	(0.3, 0.7)	['CP1', 'P1', 'POz', 'Pz', 'CPz', 'CP2', 'P2']
32	single	2	-0.4382575319770859	(None, 0)	(0.3, 0.7)	['CP1', 'P1', 'POz', 'Pz', 'CPz', 'CP2', 'P2']
32	single	3	-0.24800684131132736	(None, 0)	(0.3, 0.7)	['CP1', 'P1', 'POz', 'Pz', 'CPz', 'CP2', 'P2']
32	single	4	-0.34007205837615345	(None, 0)	(0.3, 0.7)	['CP1', 'P1', 'POz', 'Pz', 'CPz', 'CP2', 'P2']
32	single	5	0.2076042553923638	(None, 0)	(0.3, 0.7)	['CP1', 'P1', 'POz', 'Pz', 'CPz', 'CP2', 'P2']
32	single	6	0.08086233555029244	(None, 0)	(0.3, 0.7)	['CP1', 'P1', 'POz', 'Pz', 'CPz', 'CP2', 'P2']
32	single	7	-0.05812463988358625	(None, 0)	(0.3, 0.7)	['CP1', 'P1', 'POz', 'Pz', 'CPz', 'CP2', 'P2']
32	single	8	0.5355542927218387	(None, 0)	(0.3, 0.7)	['CP1', 'P1', 'POz', 'Pz', 'CPz', 'CP2', 'P2']
32	single	9	0.16560491565388097	(None, 0)	(0.3, 0.7)	['CP1', 'P1', 'POz', 'Pz', 'CPz', 'CP2', 'P2']
1	dual	1	-0.48984002842473096	(None, 0)	(0.3, 0.7)	['CP1', 'P1', 'POz', 'Pz', 'CPz', 'CP2', 'P2']
1	dual	2	-0.3394415652126716	(None, 0)	(0.3, 0.7)	['CP1', 'P1', 'POz', 'Pz', 'CPz', 'CP2', 'P2']
1	dual	3	-0.29589407013945485	(None, 0)	(0.3, 0.7)	['CP1', 'P1', 'POz', 'Pz', 'CPz', 'CP2', 'P2']
1	dual	4	-0.4303484699999858	(None, 0)	(0.3, 0.7)	['CP1', 'P1', 'POz', 'Pz', 'CPz', 'CP2', 'P2']
1	dual	5	-0.15169523413338903	(None, 0)	(0.3, 0.7)	['CP1', 'P1', 'POz', 'Pz', 'CPz', 'CP2', 'P2']
1	dual	6	0.5208434505607011	(None, 0)	(0.3, 0.7)	['CP1', 'P1', 'POz', 'Pz', 'CPz', 'CP2', 'P2']
1	dual	7	0.342792789187846	(None, 0)	(0.3, 0.7)	['CP1', 'P1', 'POz', 'Pz', 'CPz', 'CP2', 'P2']
1	dual	8	0.3532713169535079	(None, 0)	(0.3, 0.7)	['CP1', 'P1', 'POz', 'Pz', 'CPz', 'CP2', 'P2']
1	dual	9	0.5697641662255439	(None, 0)	(0.3, 0.7)	['CP1', 'P1', 'POz', 'Pz', 'CPz', 'CP2', 'P2']
2	dual	1	-0.5659747167786198	(None, 0)	(0.3, 0.7)	['CP1', 'P1', 'POz', 'Pz', 'CPz', 'CP2', 'P2']
2	dual	2	-0.36112462942594253	(None, 0)	(0.3, 0.7)	['CP1', 'P1', 'POz', 'Pz', 'CPz', 'CP2', 'P2']
2	dual	3	-0.00462007797570184	(None, 0)	(0.3, 0.7)	['CP1', 'P1', 'POz', 'Pz', 'CPz', 'CP2', 'P2']
2	dual	4	-0.5115962322735632	(None, 0)	(0.3, 0.7)	['CP1', 'P1', 'POz', 'Pz', 'CPz', 'CP2', 'P2']
2	dual	5	-0.1603032799358163	(None, 0)	(0.3, 0.7)	['CP1', 'P1', 'POz', 'Pz', 'CPz', 'CP2', 'P2']
2	dual	6	-0.1533501505535785	(None, 0)	(0.3, 0.7)	['CP1', 'P1', 'POz', 'Pz', 'CPz', 'CP2', 'P2']
2	dual	7	0.5139596826765238	(None, 0)	(0.3, 0.7)	['CP1', 'P1', 'POz', 'Pz', 'CPz', 'CP2', 'P2']
2	dual	8	0.5582457390262622	(None, 0)	(0.3, 0.7)	['CP1', 'P1', 'POz', 'Pz', 'CPz', 'CP2', 'P2']
2	dual	9	0.693078655817294	(None, 0)	(0.3, 0.7)	['CP1', 'P1', 'POz', 'Pz', 'CPz', 'CP2', 'P2']
3	dual	1	-0.24087853881519639	(None, 0)	(0.3, 0.7)	['CP1', 'P1', 'POz', 'Pz', 'CPz', 'CP2', 'P2']
3	dual	2	-0.4626843870150068	(None, 0)	(0.3, 0.7)	['CP1', 'P1', 'POz', 'Pz', 'CPz', 'CP2', 'P2']
3	dual	3	-0.44365494073228406	(None, 0)	(0.3, 0.7)	['CP1', 'P1', 'POz', 'Pz', 'CPz', 'CP2', 'P2']
3	dual	4	-0.8913968173450667	(None, 0)	(0.3, 0.7)	['CP1', 'P1', 'POz', 'Pz', 'CPz', 'CP2', 'P2']
3	dual	5	-0.0065611884821204945	(None, 0)	(0.3, 0.7)	['CP1', 'P1', 'POz', 'Pz', 'CPz', 'CP2', 'P2']
3	dual	6	0.024191175667627497	(None, 0)	(0.3, 0.7)	['CP1', 'P1', 'POz', 'Pz', 'CPz', 'CP2', 'P2']
3	dual	7	0.4988957222947082	(None, 0)	(0.3, 0.7)	['CP1', 'P1', 'POz', 'Pz', 'CPz', 'CP2', 'P2']
3	dual	8	0.04380986394322185	(None, 0)	(0.3, 0.7)	['CP1', 'P1', 'POz', 'Pz', 'CPz', 'CP2', 'P2']
3	dual	9	1.3768733968617932	(None, 0)	(0.3, 0.7)	['CP1', 'P1', 'POz', 'Pz', 'CPz', 'CP2', 'P2']
4	dual	1	0.5802242502635587	(None, 0)	(0.3, 0.7)	['CP1', 'P1', 'POz', 'Pz', 'CPz', 'CP2', 'P2']
4	dual	2	-0.8961236278697232	(None, 0)	(0.3, 0.7)	['CP1', 'P1', 'POz', 'Pz', 'CPz', 'CP2', 'P2']
4	dual	3	-1.679955411818457	(None, 0)	(0.3, 0.7)	['CP1', 'P1', 'POz', 'Pz', 'CPz', 'CP2', 'P2']
4	dual	4	-0.8343541894991837	(None, 0)	(0.3, 0.7)	['CP1', 'P1', 'POz', 'Pz', 'CPz', 'CP2', 'P2']
4	dual	5	0.5262410989794177	(None, 0)	(0.3, 0.7)	['CP1', 'P1', 'POz', 'Pz', 'CPz', 'CP2', 'P2']
4	dual	6	-0.22092133414486198	(None, 0)	(0.3, 0.7)	['CP1', 'P1', 'POz', 'Pz', 'CPz', 'CP2', 'P2']
4	dual	7	0.9171208929133051	(None, 0)	(0.3, 0.7)	['CP1', 'P1', 'POz', 'Pz', 'CPz', 'CP2', 'P2']
4	dual	8	0.7057969637496245	(None, 0)	(0.3, 0.7)	['CP1', 'P1', 'POz', 'Pz', 'CPz', 'CP2', 'P2']
4	dual	9	0.7849280978995654	(None, 0)	(0.3, 0.7)	['CP1', 'P1', 'POz', 'Pz', 'CPz', 'CP2', 'P2']
5	dual	1	-0.02235443446565469	(None, 0)	(0.3, 0.7)	['CP1', 'P1', 'POz', 'Pz', 'CPz', 'CP2', 'P2']
5	dual	2	-0.10218382148637264	(None, 0)	(0.3, 0.7)	['CP1', 'P1', 'POz', 'Pz', 'CPz', 'CP2', 'P2']
5	dual	3	-0.14081049012183644	(None, 0)	(0.3, 0.7)	['CP1', 'P1', 'POz', 'Pz', 'CPz', 'CP2', 'P2']
5	dual	4	0.12488935542976251	(None, 0)	(0.3, 0.7)	['CP1', 'P1', 'POz', 'Pz', 'CPz', 'CP2', 'P2']
5	dual	5	-0.13068476677788493	(None, 0)	(0.3, 0.7)	['CP1', 'P1', 'POz', 'Pz', 'CPz', 'CP2', 'P2']
5	dual	6	-0.0378321776613927	(None, 0)	(0.3, 0.7)	['CP1', 'P1', 'POz', 'Pz', 'CPz', 'CP2', 'P2']
5	dual	7	-0.019479051675503945	(None, 0)	(0.3, 0.7)	['CP1', 'P1', 'POz', 'Pz', 'CPz', 'CP2', 'P2']
5	dual	8	0.02833968658435435	(None, 0)	(0.3, 0.7)	['CP1', 'P1', 'POz', 'Pz', 'CPz', 'CP2', 'P2']
5	dual	9	0.2946827979957746	(None, 0)	(0.3, 0.7)	['CP1', 'P1', 'POz', 'Pz', 'CPz', 'CP2', 'P2']
6	dual	1	0.16929196248019002	(None, 0)	(0.3, 0.7)	['CP1', 'P1', 'POz', 'Pz', 'CPz', 'CP2', 'P2']
6	dual	2	-0.024380189679932846	(None, 0)	(0.3, 0.7)	['CP1', 'P1', 'POz', 'Pz', 'CPz', 'CP2', 'P2']
6	dual	3	-0.28874614383864255	(None, 0)	(0.3, 0.7)	['CP1', 'P1', 'POz', 'Pz', 'CPz', 'CP2', 'P2']
6	dual	4	-0.1910621735485976	(None, 0)	(0.3, 0.7)	['CP1', 'P1', 'POz', 'Pz', 'CPz', 'CP2', 'P2']
6	dual	5	-0.325394513240515	(None, 0)	(0.3, 0.7)	['CP1', 'P1', 'POz', 'Pz', 'CPz', 'CP2', 'P2']
6	dual	6	-0.004921663643003754	(None, 0)	(0.3, 0.7)	['CP1', 'P1', 'POz', 'Pz', 'CPz', 'CP2', 'P2']
6	dual	7	0.4988835291929924	(None, 0)	(0.3, 0.7)	['CP1', 'P1', 'POz', 'Pz', 'CPz', 'CP2', 'P2']
6	dual	8	-0.21304955683934612	(None, 0)	(0.3, 0.7)	['CP1', 'P1', 'POz', 'Pz', 'CPz', 'CP2', 'P2']
6	dual	9	0.39219963458851503	(None, 0)	(0.3, 0.7)	['CP1', 'P1', 'POz', 'Pz', 'CPz', 'CP2', 'P2']
7	dual	1	-0.6802721987739505	(None, 0)	(0.3, 0.7)	['CP1', 'P1', 'POz', 'Pz', 'CPz', 'CP2', 'P2']
7	dual	2	-0.2500201512964769	(None, 0)	(0.3, 0.7)	['CP1', 'P1', 'POz', 'Pz', 'CPz', 'CP2', 'P2']
7	dual	3	-0.4270810156796026	(None, 0)	(0.3, 0.7)	['CP1', 'P1', 'POz', 'Pz', 'CPz', 'CP2', 'P2']
7	dual	4	-0.42136683155504573	(None, 0)	(0.3, 0.7)	['CP1', 'P1', 'POz', 'Pz', 'CPz', 'CP2', 'P2']
7	dual	5	-0.28744957977155744	(None, 0)	(0.3, 0.7)	['CP1', 'P1', 'POz', 'Pz', 'CPz', 'CP2', 'P2']
7	dual	6	-0.08335436193014985	(None, 0)	(0.3, 0.7)	['CP1', 'P1', 'POz', 'Pz', 'CPz', 'CP2', 'P2']
7	dual	7	0.06781085478838597	(None, 0)	(0.3, 0.7)	['CP1', 'P1', 'POz', 'Pz', 'CPz', 'CP2', 'P2']
7	dual	8	0.39112036579065407	(None, 0)	(0.3, 0.7)	['CP1', 'P1', 'POz', 'Pz', 'CPz', 'CP2', 'P2']
7	dual	9	1.7745734954909786	(None, 0)	(0.3, 0.7)	['CP1', 'P1', 'POz', 'Pz', 'CPz', 'CP2', 'P2']
8	dual	1	-0.42884449345935605	(None, 0)	(0.3, 0.7)	['CP1', 'P1', 'POz', 'Pz', 'CPz', 'CP2', 'P2']
8	dual	2	-0.1788913126180556	(None, 0)	(0.3, 0.7)	['CP1', 'P1', 'POz', 'Pz', 'CPz', 'CP2', 'P2']
8	dual	3	-0.3122831659196555	(None, 0)	(0.3, 0.7)	['CP1', 'P1', 'POz', 'Pz', 'CPz', 'CP2', 'P2']
8	dual	4	-0.8686358226482956	(None, 0)	(0.3, 0.7)	['CP1', 'P1', 'POz', 'Pz', 'CPz', 'CP2', 'P2']
8	dual	5	-0.013056059401375303	(None, 0)	(0.3, 0.7)	['CP1', 'P1', 'POz', 'Pz', 'CPz', 'CP2', 'P2']
8	dual	6	-0.051557185277668914	(None, 0)	(0.3, 0.7)	['CP1', 'P1', 'POz', 'Pz', 'CPz', 'CP2', 'P2']
8	dual	7	0.3230200972705228	(None, 0)	(0.3, 0.7)	['CP1', 'P1', 'POz', 'Pz', 'CPz', 'CP2', 'P2']
8	dual	8	0.3661127196724383	(None, 0)	(0.3, 0.7)	['CP1', 'P1', 'POz', 'Pz', 'CPz', 'CP2', 'P2']
8	dual	9	1.05923150889774	(None, 0)	(0.3, 0.7)	['CP1', 'P1', 'POz', 'Pz', 'CPz', 'CP2', 'P2']
9	dual	1	0.0768626937268994	(None, 0)	(0.3, 0.7)	['CP1', 'P1', 'POz', 'Pz', 'CPz', 'CP2', 'P2']
9	dual	2	-0.03284803401967734	(None, 0)	(0.3, 0.7)	['CP1', 'P1', 'POz', 'Pz', 'CPz', 'CP2', 'P2']
9	dual	3	-0.6620142613626654	(None, 0)	(0.3, 0.7)	['CP1', 'P1', 'POz', 'Pz', 'CPz', 'CP2', 'P2']
9	dual	4	-0.4044887616413685	(None, 0)	(0.3, 0.7)	['CP1', 'P1', 'POz', 'Pz', 'CPz', 'CP2', 'P2']
9	dual	5	-0.2678435477138803	(None, 0)	(0.3, 0.7)	['CP1', 'P1', 'POz', 'Pz', 'CPz', 'CP2', 'P2']
9	dual	6	-0.29433252347514327	(None, 0)	(0.3, 0.7)	['CP1', 'P1', 'POz', 'Pz', 'CPz', 'CP2', 'P2']
9	dual	7	0.5421695024720836	(None, 0)	(0.3, 0.7)	['CP1', 'P1', 'POz', 'Pz', 'CPz', 'CP2', 'P2']
9	dual	8	0.21227429227998126	(None, 0)	(0.3, 0.7)	['CP1', 'P1', 'POz', 'Pz', 'CPz', 'CP2', 'P2']
9	dual	9	0.848604396418897	(None, 0)	(0.3, 0.7)	['CP1', 'P1', 'POz', 'Pz', 'CPz', 'CP2', 'P2']
10	dual	1	-0.8842047304832397	(None, 0)	(0.3, 0.7)	['CP1', 'P1', 'POz', 'Pz', 'CPz', 'CP2', 'P2']
10	dual	2	-0.4279404677235619	(None, 0)	(0.3, 0.7)	['CP1', 'P1', 'POz', 'Pz', 'CPz', 'CP2', 'P2']
10	dual	3	-0.435555049989585	(None, 0)	(0.3, 0.7)	['CP1', 'P1', 'POz', 'Pz', 'CPz', 'CP2', 'P2']
10	dual	4	-0.21749730916025675	(None, 0)	(0.3, 0.7)	['CP1', 'P1', 'POz', 'Pz', 'CPz', 'CP2', 'P2']
10	dual	5	0.11820457487149193	(None, 0)	(0.3, 0.7)	['CP1', 'P1', 'POz', 'Pz', 'CPz', 'CP2', 'P2']
10	dual	6	0.15467952714713223	(None, 0)	(0.3, 0.7)	['CP1', 'P1', 'POz', 'Pz', 'CPz', 'CP2', 'P2']
10	dual	7	0.1422520018275619	(None, 0)	(0.3, 0.7)	['CP1', 'P1', 'POz', 'Pz', 'CPz', 'CP2', 'P2']
10	dual	8	0.5224298668664776	(None, 0)	(0.3, 0.7)	['CP1', 'P1', 'POz', 'Pz', 'CPz', 'CP2', 'P2']
10	dual	9	1.0423790858449098	(None, 0)	(0.3, 0.7)	['CP1', 'P1', 'POz', 'Pz', 'CPz', 'CP2', 'P2']
11	dual	1	-0.38574611261628683	(None, 0)	(0.3, 0.7)	['CP1', 'P1', 'POz', 'Pz', 'CPz', 'CP2', 'P2']
11	dual	2	-0.3766454326609406	(None, 0)	(0.3, 0.7)	['CP1', 'P1', 'POz', 'Pz', 'CPz', 'CP2', 'P2']
11	dual	3	-0.25484241950775094	(None, 0)	(0.3, 0.7)	['CP1', 'P1', 'POz', 'Pz', 'CPz', 'CP2', 'P2']
11	dual	4	-0.7445871249851082	(None, 0)	(0.3, 0.7)	['CP1', 'P1', 'POz', 'Pz', 'CPz', 'CP2', 'P2']
11	dual	5	0.009936381961277333	(None, 0)	(0.3, 0.7)	['CP1', 'P1', 'POz', 'Pz', 'CPz', 'CP2', 'P2']
11	dual	6	-0.1565545853981806	(None, 0)	(0.3, 0.7)	['CP1', 'P1', 'POz', 'Pz', 'CPz', 'CP2', 'P2']
11	dual	7	0.08740693170611405	(None, 0)	(0.3, 0.7)	['CP1', 'P1', 'POz', 'Pz', 'CPz', 'CP2', 'P2']
11	dual	8	0.470275978572811	(None, 0)	(0.3, 0.7)	['CP1', 'P1', 'POz', 'Pz', 'CPz', 'CP2', 'P2']
11	dual	9	1.3582246331785686	(None, 0)	(0.3, 0.7)	['CP1', 'P1', 'POz', 'Pz', 'CPz', 'CP2', 'P2']
12	dual	1	-0.019303243182676018	(None, 0)	(0.3, 0.7)	['CP1', 'P1', 'POz', 'Pz', 'CPz', 'CP2', 'P2']
12	dual	2	-0.22028478428479703	(None, 0)	(0.3, 0.7)	['CP1', 'P1', 'POz', 'Pz', 'CPz', 'CP2', 'P2']
12	dual	3	-0.13572801800689427	(None, 0)	(0.3, 0.7)	['CP1', 'P1', 'POz', 'Pz', 'CPz', 'CP2', 'P2']
12	dual	4	-0.3132876025796232	(None, 0)	(0.3, 0.7)	['CP1', 'P1', 'POz', 'Pz', 'CPz', 'CP2', 'P2']
12	dual	5	-0.0178352438470687	(None, 0)	(0.3, 0.7)	['CP1', 'P1', 'POz', 'Pz', 'CPz', 'CP2', 'P2']
12	dual	6	0.16479949844441405	(None, 0)	(0.3, 0.7)	['CP1', 'P1', 'POz', 'Pz', 'CPz', 'CP2', 'P2']
12	dual	7	0.36959751220668247	(None, 0)	(0.3, 0.7)	['CP1', 'P1', 'POz', 'Pz', 'CPz', 'CP2', 'P2']
12	dual	8	-0.09093965499996239	(None, 0)	(0.3, 0.7)	['CP1', 'P1', 'POz', 'Pz', 'CPz', 'CP2', 'P2']
12	dual	9	0.2143789257562492	(None, 0)	(0.3, 0.7)	['CP1', 'P1', 'POz', 'Pz', 'CPz', 'CP2', 'P2']
13	dual	1	-0.34283689876383855	(None, 0)	(0.3, 0.7)	['CP1', 'P1', 'POz', 'Pz', 'CPz', 'CP2', 'P2']
13	dual	2	-0.015308832460305438	(None, 0)	(0.3, 0.7)	['CP1', 'P1', 'POz', 'Pz', 'CPz', 'CP2', 'P2']
13	dual	3	-0.2288187021569278	(None, 0)	(0.3, 0.7)	['CP1', 'P1', 'POz', 'Pz', 'CPz', 'CP2', 'P2']
13	dual	4	-1.337028428019139	(None, 0)	(0.3, 0.7)	['CP1', 'P1', 'POz', 'Pz', 'CPz', 'CP2', 'P2']
13	dual	5	-0.42699907248247854	(None, 0)	(0.3, 0.7)	['CP1', 'P1', 'POz', 'Pz', 'CPz', 'CP2', 'P2']
13	dual	6	0.024373741985847165	(None, 0)	(0.3, 0.7)	['CP1', 'P1', 'POz', 'Pz', 'CPz', 'CP2', 'P2']
13	dual	7	0.30598600732035064	(None, 0)	(0.3, 0.7)	['CP1', 'P1', 'POz', 'Pz', 'CPz', 'CP2', 'P2']
13	dual	8	1.3050463828562573	(None, 0)	(0.3, 0.7)	['CP1', 'P1', 'POz', 'Pz', 'CPz', 'CP2', 'P2']
13	dual	9	0.7702450103599481	(None, 0)	(0.3, 0.7)	['CP1', 'P1', 'POz', 'Pz', 'CPz', 'CP2', 'P2']
14	dual	1	-0.4208628802864278	(None, 0)	(0.3, 0.7)	['CP1', 'P1', 'POz', 'Pz', 'CPz', 'CP2', 'P2']
14	dual	2	0.06596648758034364	(None, 0)	(0.3, 0.7)	['CP1', 'P1', 'POz', 'Pz', 'CPz', 'CP2', 'P2']
14	dual	3	-0.06469127584117283	(None, 0)	(0.3, 0.7)	['CP1', 'P1', 'POz', 'Pz', 'CPz', 'CP2', 'P2']
14	dual	4	-0.04209612328640161	(None, 0)	(0.3, 0.7)	['CP1', 'P1', 'POz', 'Pz', 'CPz', 'CP2', 'P2']
14	dual	5	-0.0020389503413769357	(None, 0)	(0.3, 0.7)	['CP1', 'P1', 'POz', 'Pz', 'CPz', 'CP2', 'P2']
14	dual	6	0.22433446076395777	(None, 0)	(0.3, 0.7)	['CP1', 'P1', 'POz', 'Pz', 'CPz', 'CP2', 'P2']
14	dual	7	0.26080029674902705	(None, 0)	(0.3, 0.7)	['CP1', 'P1', 'POz', 'Pz', 'CPz', 'CP2', 'P2']
14	dual	8	0.19742699930486918	(None, 0)	(0.3, 0.7)	['CP1', 'P1', 'POz', 'Pz', 'CPz', 'CP2', 'P2']
14	dual	9	-0.24216700557508333	(None, 0)	(0.3, 0.7)	['CP1', 'P1', 'POz', 'Pz', 'CPz', 'CP2', 'P2']
16	dual	1	-0.01167505293860649	(None, 0)	(0.3, 0.7)	['CP1', 'P1', 'POz', 'Pz', 'CPz', 'CP2', 'P2']
16	dual	2	-0.21731040311438526	(None, 0)	(0.3, 0.7)	['CP1', 'P1', 'POz', 'Pz', 'CPz', 'CP2', 'P2']
16	dual	3	-0.2910133049629574	(None, 0)	(0.3, 0.7)	['CP1', 'P1', 'POz', 'Pz', 'CPz', 'CP2', 'P2']
16	dual	4	0.07010247399292897	(None, 0)	(0.3, 0.7)	['CP1', 'P1', 'POz', 'Pz', 'CPz', 'CP2', 'P2']
16	dual	5	-0.3078466317117567	(None, 0)	(0.3, 0.7)	['CP1', 'P1', 'POz', 'Pz', 'CPz', 'CP2', 'P2']
16	dual	6	-0.12331764119945324	(None, 0)	(0.3, 0.7)	['CP1', 'P1', 'POz', 'Pz', 'CPz', 'CP2', 'P2']
16	dual	7	-0.047735885360091386	(None, 0)	(0.3, 0.7)	['CP1', 'P1', 'POz', 'Pz', 'CPz', 'CP2', 'P2']
16	dual	8	0.25680362179223104	(None, 0)	(0.3, 0.7)	['CP1', 'P1', 'POz', 'Pz', 'CPz', 'CP2', 'P2']
16	dual	9	0.6250193320894444	(None, 0)	(0.3, 0.7)	['CP1', 'P1', 'POz', 'Pz', 'CPz', 'CP2', 'P2']
17	dual	1	-0.24934796151946617	(None, 0)	(0.3, 0.7)	['CP1', 'P1', 'POz', 'Pz', 'CPz', 'CP2', 'P2']
17	dual	2	-0.22749824807680916	(None, 0)	(0.3, 0.7)	['CP1', 'P1', 'POz', 'Pz', 'CPz', 'CP2', 'P2']
17	dual	3	-0.06773853223220895	(None, 0)	(0.3, 0.7)	['CP1', 'P1', 'POz', 'Pz', 'CPz', 'CP2', 'P2']
17	dual	4	-0.02492305970746115	(None, 0)	(0.3, 0.7)	['CP1', 'P1', 'POz', 'Pz', 'CPz', 'CP2', 'P2']
17	dual	5	-0.3716317345067394	(None, 0)	(0.3, 0.7)	['CP1', 'P1', 'POz', 'Pz', 'CPz', 'CP2', 'P2']
17	dual	6	-0.03951602556362446	(None, 0)	(0.3, 0.7)	['CP1', 'P1', 'POz', 'Pz', 'CPz', 'CP2', 'P2']
17	dual	7	0.07923950205127957	(None, 0)	(0.3, 0.7)	['CP1', 'P1', 'POz', 'Pz', 'CPz', 'CP2', 'P2']
17	dual	8	0.27004928174263293	(None, 0)	(0.3, 0.7)	['CP1', 'P1', 'POz', 'Pz', 'CPz', 'CP2', 'P2']
17	dual	9	0.5984636048169659	(None, 0)	(0.3, 0.7)	['CP1', 'P1', 'POz', 'Pz', 'CPz', 'CP2', 'P2']
18	dual	1	-0.34572101419846174	(None, 0)	(0.3, 0.7)	['CP1', 'P1', 'POz', 'Pz', 'CPz', 'CP2', 'P2']
18	dual	2	-0.37616259336584784	(None, 0)	(0.3, 0.7)	['CP1', 'P1', 'POz', 'Pz', 'CPz', 'CP2', 'P2']
18	dual	3	-0.41967659363257953	(None, 0)	(0.3, 0.7)	['CP1', 'P1', 'POz', 'Pz', 'CPz', 'CP2', 'P2']
18	dual	4	-0.32623312855114533	(None, 0)	(0.3, 0.7)	['CP1', 'P1', 'POz', 'Pz', 'CPz', 'CP2', 'P2']
18	dual	5	0.08297976519139752	(None, 0)	(0.3, 0.7)	['CP1', 'P1', 'POz', 'Pz', 'CPz', 'CP2', 'P2']
18	dual	6	0.2977688691411904	(None, 0)	(0.3, 0.7)	['CP1', 'P1', 'POz', 'Pz', 'CPz', 'CP2', 'P2']
18	dual	7	0.1126032684731975	(None, 0)	(0.3, 0.7)	['CP1', 'P1', 'POz', 'Pz', 'CPz', 'CP2', 'P2']
18	dual	8	0.2517587700166411	(None, 0)	(0.3, 0.7)	['CP1', 'P1', 'POz', 'Pz', 'CPz', 'CP2', 'P2']
18	dual	9	0.651860541283082	(None, 0)	(0.3, 0.7)	['CP1', 'P1', 'POz', 'Pz', 'CPz', 'CP2', 'P2']
19	dual	1	-0.6542662071908119	(None, 0)	(0.3, 0.7)	['CP1', 'P1', 'POz', 'Pz', 'CPz', 'CP2', 'P2']
19	dual	2	-0.38580984718507183	(None, 0)	(0.3, 0.7)	['CP1', 'P1', 'POz', 'Pz', 'CPz', 'CP2', 'P2']
19	dual	3	-0.1584979418617304	(None, 0)	(0.3, 0.7)	['CP1', 'P1', 'POz', 'Pz', 'CPz', 'CP2', 'P2']
19	dual	4	-0.4219202134944866	(None, 0)	(0.3, 0.7)	['CP1', 'P1', 'POz', 'Pz', 'CPz', 'CP2', 'P2']
19	dual	5	0.036474593753056506	(None, 0)	(0.3, 0.7)	['CP1', 'P1', 'POz', 'Pz', 'CPz', 'CP2', 'P2']
19	dual	6	0.4860415862070398	(None, 0)	(0.3, 0.7)	['CP1', 'P1', 'POz', 'Pz', 'CPz', 'CP2', 'P2']
19	dual	7	-0.04219475349644502	(None, 0)	(0.3, 0.7)	['CP1', 'P1', 'POz', 'Pz', 'CPz', 'CP2', 'P2']
19	dual	8	0.25196364285926076	(None, 0)	(0.3, 0.7)	['CP1', 'P1', 'POz', 'Pz', 'CPz', 'CP2', 'P2']
19	dual	9	0.7557174325432282	(None, 0)	(0.3, 0.7)	['CP1', 'P1', 'POz', 'Pz', 'CPz', 'CP2', 'P2']
20	dual	1	-0.3512505325477614	(None, 0)	(0.3, 0.7)	['CP1', 'P1', 'POz', 'Pz', 'CPz', 'CP2', 'P2']
20	dual	2	-0.45546761108763345	(None, 0)	(0.3, 0.7)	['CP1', 'P1', 'POz', 'Pz', 'CPz', 'CP2', 'P2']
20	dual	3	-0.21299006343601884	(None, 0)	(0.3, 0.7)	['CP1', 'P1', 'POz', 'Pz', 'CPz', 'CP2', 'P2']
20	dual	4	-0.3235206010795861	(None, 0)	(0.3, 0.7)	['CP1', 'P1', 'POz', 'Pz', 'CPz', 'CP2', 'P2']
20	dual	5	-0.010279069912940192	(None, 0)	(0.3, 0.7)	['CP1', 'P1', 'POz', 'Pz', 'CPz', 'CP2', 'P2']
20	dual	6	-0.02515738732237743	(None, 0)	(0.3, 0.7)	['CP1', 'P1', 'POz', 'Pz', 'CPz', 'CP2', 'P2']
20	dual	7	0.3841355244204366	(None, 0)	(0.3, 0.7)	['CP1', 'P1', 'POz', 'Pz', 'CPz', 'CP2', 'P2']
20	dual	8	0.49724287712898546	(None, 0)	(0.3, 0.7)	['CP1', 'P1', 'POz', 'Pz', 'CPz', 'CP2', 'P2']
20	dual	9	0.48239825111302304	(None, 0)	(0.3, 0.7)	['CP1', 'P1', 'POz', 'Pz', 'CPz', 'CP2', 'P2']
21	dual	1	-0.1999981496477593	(None, 0)	(0.3, 0.7)	['CP1', 'P1', 'POz', 'Pz', 'CPz', 'CP2', 'P2']
21	dual	2	-0.24148655342514241	(None, 0)	(0.3, 0.7)	['CP1', 'P1', 'POz', 'Pz', 'CPz', 'CP2', 'P2']
21	dual	3	-0.08211041001682956	(None, 0)	(0.3, 0.7)	['CP1', 'P1', 'POz', 'Pz', 'CPz', 'CP2', 'P2']
21	dual	4	-0.5890210344817053	(None, 0)	(0.3, 0.7)	['CP1', 'P1', 'POz', 'Pz', 'CPz', 'CP2', 'P2']
21	dual	5	-0.0014026860316204363	(None, 0)	(0.3, 0.7)	['CP1', 'P1', 'POz', 'Pz', 'CPz', 'CP2', 'P2']
21	dual	6	0.4152922558909329	(None, 0)	(0.3, 0.7)	['CP1', 'P1', 'POz', 'Pz', 'CPz', 'CP2', 'P2']
21	dual	7	-0.18804393167066946	(None, 0)	(0.3, 0.7)	['CP1', 'P1', 'POz', 'Pz', 'CPz', 'CP2', 'P2']
21	dual	8	0.012066455973049986	(None, 0)	(0.3, 0.7)	['CP1', 'P1', 'POz', 'Pz', 'CPz', 'CP2', 'P2']
21	dual	9	0.8227535787605008	(None, 0)	(0.3, 0.7)	['CP1', 'P1', 'POz', 'Pz', 'CPz', 'CP2', 'P2']
22	dual	1	-0.017206249992260236	(None, 0)	(0.3, 0.7)	['CP1', 'P1', 'POz', 'Pz', 'CPz', 'CP2', 'P2']
22	dual	2	0.05291463392482511	(None, 0)	(0.3, 0.7)	['CP1', 'P1', 'POz', 'Pz', 'CPz', 'CP2', 'P2']
22	dual	3	-0.40604879568832186	(None, 0)	(0.3, 0.7)	['CP1', 'P1', 'POz', 'Pz', 'CPz', 'CP2', 'P2']
22	dual	4	-0.39468111869919315	(None, 0)	(0.3, 0.7)	['CP1', 'P1', 'POz', 'Pz', 'CPz', 'CP2', 'P2']
22	dual	5	0.013033276299777624	(None, 0)	(0.3, 0.7)	['CP1', 'P1', 'POz', 'Pz', 'CPz', 'CP2', 'P2']
22	dual	6	-0.3871712615153891	(None, 0)	(0.3, 0.7)	['CP1', 'P1', 'POz', 'Pz', 'CPz', 'CP2', 'P2']
22	dual	7	0.32278778411987247	(None, 0)	(0.3, 0.7)	['CP1', 'P1', 'POz', 'Pz', 'CPz', 'CP2', 'P2']
22	dual	8	0.26005020124523165	(None, 0)	(0.3, 0.7)	['CP1', 'P1', 'POz', 'Pz', 'CPz', 'CP2', 'P2']
22	dual	9	0.5410584381840872	(None, 0)	(0.3, 0.7)	['CP1', 'P1', 'POz', 'Pz', 'CPz', 'CP2', 'P2']
24	dual	1	-0.3694062915027018	(None, 0)	(0.3, 0.7)	['CP1', 'P1', 'POz', 'Pz', 'CPz', 'CP2', 'P2']
24	dual	2	-0.3583575517752009	(None, 0)	(0.3, 0.7)	['CP1', 'P1', 'POz', 'Pz', 'CPz', 'CP2', 'P2']
24	dual	3	0.04870979763780795	(None, 0)	(0.3, 0.7)	['CP1', 'P1', 'POz', 'Pz', 'CPz', 'CP2', 'P2']
24	dual	4	0.09548831650610921	(None, 0)	(0.3, 0.7)	['CP1', 'P1', 'POz', 'Pz', 'CPz', 'CP2', 'P2']
24	dual	5	-0.30142398177576635	(None, 0)	(0.3, 0.7)	['CP1', 'P1', 'POz', 'Pz', 'CPz', 'CP2', 'P2']
24	dual	6	-0.19443941846285598	(None, 0)	(0.3, 0.7)	['CP1', 'P1', 'POz', 'Pz', 'CPz', 'CP2', 'P2']
24	dual	7	0.22578997062594433	(None, 0)	(0.3, 0.7)	['CP1', 'P1', 'POz', 'Pz', 'CPz', 'CP2', 'P2']
24	dual	8	0.29921871684836976	(None, 0)	(0.3, 0.7)	['CP1', 'P1', 'POz', 'Pz', 'CPz', 'CP2', 'P2']
24	dual	9	0.602927539004341	(None, 0)	(0.3, 0.7)	['CP1', 'P1', 'POz', 'Pz', 'CPz', 'CP2', 'P2']
25	dual	1	-0.20339723828876224	(None, 0)	(0.3, 0.7)	['CP1', 'P1', 'POz', 'Pz', 'CPz', 'CP2', 'P2']
25	dual	2	-0.17705572917775964	(None, 0)	(0.3, 0.7)	['CP1', 'P1', 'POz', 'Pz', 'CPz', 'CP2', 'P2']
25	dual	3	-0.21821603202299975	(None, 0)	(0.3, 0.7)	['CP1', 'P1', 'POz', 'Pz', 'CPz', 'CP2', 'P2']
25	dual	4	-0.4108782747327869	(None, 0)	(0.3, 0.7)	['CP1', 'P1', 'POz', 'Pz', 'CPz', 'CP2', 'P2']
25	dual	5	0.2353558814611591	(None, 0)	(0.3, 0.7)	['CP1', 'P1', 'POz', 'Pz', 'CPz', 'CP2', 'P2']
25	dual	6	0.08858871971682195	(None, 0)	(0.3, 0.7)	['CP1', 'P1', 'POz', 'Pz', 'CPz', 'CP2', 'P2']
25	dual	7	0.14739880606969888	(None, 0)	(0.3, 0.7)	['CP1', 'P1', 'POz', 'Pz', 'CPz', 'CP2', 'P2']
25	dual	8	0.19083874737595335	(None, 0)	(0.3, 0.7)	['CP1', 'P1', 'POz', 'Pz', 'CPz', 'CP2', 'P2']
25	dual	9	0.34345684999645304	(None, 0)	(0.3, 0.7)	['CP1', 'P1', 'POz', 'Pz', 'CPz', 'CP2', 'P2']
26	dual	1	-0.2447672999427697	(None, 0)	(0.3, 0.7)	['CP1', 'P1', 'POz', 'Pz', 'CPz', 'CP2', 'P2']
26	dual	2	-0.7878254684404044	(None, 0)	(0.3, 0.7)	['CP1', 'P1', 'POz', 'Pz', 'CPz', 'CP2', 'P2']
26	dual	3	-0.7082660483328542	(None, 0)	(0.3, 0.7)	['CP1', 'P1', 'POz', 'Pz', 'CPz', 'CP2', 'P2']
26	dual	4	-0.4317293263441424	(None, 0)	(0.3, 0.7)	['CP1', 'P1', 'POz', 'Pz', 'CPz', 'CP2', 'P2']
26	dual	5	0.202884572596207	(None, 0)	(0.3, 0.7)	['CP1', 'P1', 'POz', 'Pz', 'CPz', 'CP2', 'P2']
26	dual	6	0.21765807513951524	(None, 0)	(0.3, 0.7)	['CP1', 'P1', 'POz', 'Pz', 'CPz', 'CP2', 'P2']
26	dual	7	0.32889100238098135	(None, 0)	(0.3, 0.7)	['CP1', 'P1', 'POz', 'Pz', 'CPz', 'CP2', 'P2']
26	dual	8	0.5775399294370855	(None, 0)	(0.3, 0.7)	['CP1', 'P1', 'POz', 'Pz', 'CPz', 'CP2', 'P2']
26	dual	9	0.8701008557947697	(None, 0)	(0.3, 0.7)	['CP1', 'P1', 'POz', 'Pz', 'CPz', 'CP2', 'P2']
27	dual	1	-0.19649699354970296	(None, 0)	(0.3, 0.7)	['CP1', 'P1', 'POz', 'Pz', 'CPz', 'CP2', 'P2']
27	dual	2	-0.08063013497782877	(None, 0)	(0.3, 0.7)	['CP1', 'P1', 'POz', 'Pz', 'CPz', 'CP2', 'P2']
27	dual	3	-0.30634918250495846	(None, 0)	(0.3, 0.7)	['CP1', 'P1', 'POz', 'Pz', 'CPz', 'CP2', 'P2']
27	dual	4	-0.3372879408599924	(None, 0)	(0.3, 0.7)	['CP1', 'P1', 'POz', 'Pz', 'CPz', 'CP2', 'P2']
27	dual	5	-0.328993412454828	(None, 0)	(0.3, 0.7)	['CP1', 'P1', 'POz', 'Pz', 'CPz', 'CP2', 'P2']
27	dual	6	0.27389515167270234	(None, 0)	(0.3, 0.7)	['CP1', 'P1', 'POz', 'Pz', 'CPz', 'CP2', 'P2']
27	dual	7	0.38379350055265865	(None, 0)	(0.3, 0.7)	['CP1', 'P1', 'POz', 'Pz', 'CPz', 'CP2', 'P2']
27	dual	8	0.553895739021365	(None, 0)	(0.3, 0.7)	['CP1', 'P1', 'POz', 'Pz', 'CPz', 'CP2', 'P2']
27	dual	9	0.02237233709698854	(None, 0)	(0.3, 0.7)	['CP1', 'P1', 'POz', 'Pz', 'CPz', 'CP2', 'P2']
28	dual	1	-0.09036520314977534	(None, 0)	(0.3, 0.7)	['CP1', 'P1', 'POz', 'Pz', 'CPz', 'CP2', 'P2']
28	dual	2	-0.26691226133736856	(None, 0)	(0.3, 0.7)	['CP1', 'P1', 'POz', 'Pz', 'CPz', 'CP2', 'P2']
28	dual	3	-0.019519434767538868	(None, 0)	(0.3, 0.7)	['CP1', 'P1', 'POz', 'Pz', 'CPz', 'CP2', 'P2']
28	dual	4	-0.05062915876662883	(None, 0)	(0.3, 0.7)	['CP1', 'P1', 'POz', 'Pz', 'CPz', 'CP2', 'P2']
28	dual	5	0.07782896052500657	(None, 0)	(0.3, 0.7)	['CP1', 'P1', 'POz', 'Pz', 'CPz', 'CP2', 'P2']
28	dual	6	-0.1280297993423673	(None, 0)	(0.3, 0.7)	['CP1', 'P1', 'POz', 'Pz', 'CPz', 'CP2', 'P2']
28	dual	7	0.10616189030093025	(None, 0)	(0.3, 0.7)	['CP1', 'P1', 'POz', 'Pz', 'CPz', 'CP2', 'P2']
28	dual	8	-0.21744343735066413	(None, 0)	(0.3, 0.7)	['CP1', 'P1', 'POz', 'Pz', 'CPz', 'CP2', 'P2']
28	dual	9	0.5499252713879285	(None, 0)	(0.3, 0.7)	['CP1', 'P1', 'POz', 'Pz', 'CPz', 'CP2', 'P2']
29	dual	1	-0.01360635382800085	(None, 0)	(0.3, 0.7)	['CP1', 'P1', 'POz', 'Pz', 'CPz', 'CP2', 'P2']
29	dual	2	-0.06462745139238386	(None, 0)	(0.3, 0.7)	['CP1', 'P1', 'POz', 'Pz', 'CPz', 'CP2', 'P2']
29	dual	3	0.01016337360956505	(None, 0)	(0.3, 0.7)	['CP1', 'P1', 'POz', 'Pz', 'CPz', 'CP2', 'P2']
29	dual	4	-0.007464017465871969	(None, 0)	(0.3, 0.7)	['CP1', 'P1', 'POz', 'Pz', 'CPz', 'CP2', 'P2']
29	dual	5	-0.23087875959878265	(None, 0)	(0.3, 0.7)	['CP1', 'P1', 'POz', 'Pz', 'CPz', 'CP2', 'P2']
29	dual	6	-0.14595472234696827	(None, 0)	(0.3, 0.7)	['CP1', 'P1', 'POz', 'Pz', 'CPz', 'CP2', 'P2']
29	dual	7	-0.11470195690069598	(None, 0)	(0.3, 0.7)	['CP1', 'P1', 'POz', 'Pz', 'CPz', 'CP2', 'P2']
29	dual	8	0.21547401708524735	(None, 0)	(0.3, 0.7)	['CP1', 'P1', 'POz', 'Pz', 'CPz', 'CP2', 'P2']
29	dual	9	0.353671505531992	(None, 0)	(0.3, 0.7)	['CP1', 'P1', 'POz', 'Pz', 'CPz', 'CP2', 'P2']
30	dual	1	-0.5625967103442244	(None, 0)	(0.3, 0.7)	['CP1', 'P1', 'POz', 'Pz', 'CPz', 'CP2', 'P2']
30	dual	2	-0.010994156496907931	(None, 0)	(0.3, 0.7)	['CP1', 'P1', 'POz', 'Pz', 'CPz', 'CP2', 'P2']
30	dual	3	-0.457876935085991	(None, 0)	(0.3, 0.7)	['CP1', 'P1', 'POz', 'Pz', 'CPz', 'CP2', 'P2']
30	dual	4	-0.8092991821673544	(None, 0)	(0.3, 0.7)	['CP1', 'P1', 'POz', 'Pz', 'CPz', 'CP2', 'P2']
30	dual	5	0.23975528288486417	(None, 0)	(0.3, 0.7)	['CP1', 'P1', 'POz', 'Pz', 'CPz', 'CP2', 'P2']
30	dual	6	0.3212948834609135	(None, 0)	(0.3, 0.7)	['CP1', 'P1', 'POz', 'Pz', 'CPz', 'CP2', 'P2']
30	dual	7	0.11767189061713247	(None, 0)	(0.3, 0.7)	['CP1', 'P1', 'POz', 'Pz', 'CPz', 'CP2', 'P2']
30	dual	8	0.18977077440646561	(None, 0)	(0.3, 0.7)	['CP1', 'P1', 'POz', 'Pz', 'CPz', 'CP2', 'P2']
30	dual	9	0.9521634061272335	(None, 0)	(0.3, 0.7)	['CP1', 'P1', 'POz', 'Pz', 'CPz', 'CP2', 'P2']
31	dual	1	-0.5699190429684213	(None, 0)	(0.3, 0.7)	['CP1', 'P1', 'POz', 'Pz', 'CPz', 'CP2', 'P2']
31	dual	2	-0.636609619403256	(None, 0)	(0.3, 0.7)	['CP1', 'P1', 'POz', 'Pz', 'CPz', 'CP2', 'P2']
31	dual	3	-0.4156916011153518	(None, 0)	(0.3, 0.7)	['CP1', 'P1', 'POz', 'Pz', 'CPz', 'CP2', 'P2']
31	dual	4	-0.12812921727176999	(None, 0)	(0.3, 0.7)	['CP1', 'P1', 'POz', 'Pz', 'CPz', 'CP2', 'P2']
31	dual	5	-0.5903887065639998	(None, 0)	(0.3, 0.7)	['CP1', 'P1', 'POz', 'Pz', 'CPz', 'CP2', 'P2']
31	dual	6	0.12587606518671363	(None, 0)	(0.3, 0.7)	['CP1', 'P1', 'POz', 'Pz', 'CPz', 'CP2', 'P2']
31	dual	7	0.023023032427388665	(None, 0)	(0.3, 0.7)	['CP1', 'P1', 'POz', 'Pz', 'CPz', 'CP2', 'P2']
31	dual	8	0.873856791071474	(None, 0)	(0.3, 0.7)	['CP1', 'P1', 'POz', 'Pz', 'CPz', 'CP2', 'P2']
31	dual	9	1.2773810304434776	(None, 0)	(0.3, 0.7)	['CP1', 'P1', 'POz', 'Pz', 'CPz', 'CP2', 'P2']
32	dual	1	0.14851022323137553	(None, 0)	(0.3, 0.7)	['CP1', 'P1', 'POz', 'Pz', 'CPz', 'CP2', 'P2']
32	dual	2	-0.0008612400795551904	(None, 0)	(0.3, 0.7)	['CP1', 'P1', 'POz', 'Pz', 'CPz', 'CP2', 'P2']
32	dual	3	-0.23307270063271818	(None, 0)	(0.3, 0.7)	['CP1', 'P1', 'POz', 'Pz', 'CPz', 'CP2', 'P2']
32	dual	4	-0.2709474514448208	(None, 0)	(0.3, 0.7)	['CP1', 'P1', 'POz', 'Pz', 'CPz', 'CP2', 'P2']
32	dual	5	0.5569737231301741	(None, 0)	(0.3, 0.7)	['CP1', 'P1', 'POz', 'Pz', 'CPz', 'CP2', 'P2']
32	dual	6	0.16949145483583283	(None, 0)	(0.3, 0.7)	['CP1', 'P1', 'POz', 'Pz', 'CPz', 'CP2', 'P2']
32	dual	7	0.09710934295769781	(None, 0)	(0.3, 0.7)	['CP1', 'P1', 'POz', 'Pz', 'CPz', 'CP2', 'P2']
32	dual	8	-0.24990388333716945	(None, 0)	(0.3, 0.7)	['CP1', 'P1', 'POz', 'Pz', 'CPz', 'CP2', 'P2']
32	dual	9	-0.1803928564686022	(None, 0)	(0.3, 0.7)	['CP1', 'P1', 'POz', 'Pz', 'CPz', 'CP2', 'P2']
